epoch,train_nll,val_nll,z_mean,z_std,logdet_mean,grad_norm,lr,val_rt_mse,val_acc_frac
1,-4.4331487960453275,-9.100183582305908,0.0029360861517488956,0.8973397612571716,13.124431610107422,27.597126239462742,0.001,,
2,-11.004382809506186,-12.224992752075195,-0.13091540336608887,0.9199427962303162,16.54056167602539,55.91794788988331,0.001,,
3,-13.41047771067559,-14.552108669281006,-0.0018422571010887623,0.885582685470581,18.47468376159668,78.98097755335554,0.001,,
4,-14.827794256089609,-14.730498600006104,0.1349300593137741,0.9217864871025085,19.069902420043945,94.57061115699479,0.001,,
5,-15.77071111413497,-15.969636631011962,0.0071433717384934425,0.9754191040992737,20.731433868408203,96.26837587960159,0.001,,
6,-16.363305502300022,-16.716244888305663,0.08165746927261353,0.9859758019447327,21.61191177368164,107.22691823259184,0.001,,
7,-17.187537881392466,-18.023835563659667,0.018360763788223267,0.9100713729858398,22.170269012451172,118.37157449843008,0.001,,
8,-17.82125731359554,-18.01038875579834,0.09104779362678528,0.9688945412635803,22.750078201293945,131.80936103531076,0.001,,
9,-18.762227384349966,-18.476918601989745,0.053857527673244476,1.0373293161392212,23.867889404296875,134.76444311986995,0.001,,
10,-19.18551848206339,-19.676601791381835,-0.05586927756667137,0.9715802669525146,24.412343978881836,141.71908284440826,0.001,66.91566730481357,0.026
11,-19.64322032204157,-19.601648902893068,-0.09499666094779968,0.9353763461112976,24.02435302734375,149.04635629774648,0.001,,
12,-19.640015831476525,-19.142914390563966,0.17827929556369781,1.0300346612930298,24.611894607543945,159.92902832996995,0.001,,
13,-20.135762564743622,-20.516831970214845,-0.03418344631791115,0.9069570899009705,24.636503219604492,161.45976624307752,0.001,,
14,-20.418613385550582,-19.6045711517334,0.03248788043856621,1.0576642751693726,25.202804565429688,144.65126081056232,0.001,,
15,-20.69824771639667,-21.1596923828125,-0.12420019507408142,0.9435383081436157,25.69007110595703,170.14187284059162,0.001,,
16,-20.692650444899932,-20.52694797515869,0.02826947718858719,1.0217007398605347,25.75617218017578,162.53042100351067,0.001,,
17,-20.867953771277318,-19.130420875549316,-0.22683851420879364,1.1073130369186401,25.51907730102539,177.2555424171158,0.001,,
18,-21.184722948677933,-20.726083183288573,0.20657174289226532,1.0178014039993286,26.12464141845703,165.06158201000358,0.001,,
19,-20.663902379289457,-21.526147270202635,-0.06649160385131836,0.9587752819061279,26.143091201782227,178.8786844181109,0.001,,
20,-21.444552119774155,-21.28471450805664,0.06397007405757904,1.0302929878234863,26.615415573120117,172.3483117019074,0.001,56.06250509803846,0.0492
21,-21.49544995947729,-21.52455940246582,0.03021455556154251,1.0157705545425415,26.69598388671875,185.68353995793981,0.001,,
22,-21.416924802562857,-21.36471881866455,-0.20501098036766052,0.98281329870224,26.40680694580078,184.95623335053648,0.001,,
23,-21.56260507318038,-21.13371047973633,-0.08165957778692245,1.0022934675216675,26.19431495666504,176.81782232356977,0.001,,
24,-21.636424197426326,-20.58144607543945,0.14241056144237518,1.0730801820755005,26.443384170532227,183.10403857653654,0.001,,
25,-21.57279741311375,-19.63987293243408,-0.2757563889026642,1.1345559358596802,26.463394165039062,170.11672104461283,0.001,,
26,-21.20376811450041,-20.6185604095459,0.1166214719414711,1.0638208389282227,26.344541549682617,218.35424225239814,0.001,,
27,-21.737033674988567,-21.986171150207518,0.0922575294971466,0.9741170406341553,26.77579689025879,182.27776375299769,0.001,,
28,-21.53595562222638,-21.035749626159667,0.10387830436229706,1.0902155637741089,27.032014846801758,196.9752568112144,0.001,,
29,-22.039192561861835,-21.392603874206543,-0.06466291844844818,1.0232181549072266,26.65304946899414,196.22177201283128,0.001,,
30,-22.080104610587977,-20.007255363464356,0.39420828223228455,1.142791509628296,27.31726837158203,178.79995688909216,0.001,62.020684670414866,0.0448
31,-21.79350708104387,-20.7406946182251,-0.09355843812227249,1.1035339832305908,26.880762100219727,208.78823379323453,0.001,,
32,-22.065266210821612,-22.254124641418457,-0.05672210454940796,0.9783293008804321,27.05618667602539,174.30244397513474,0.001,,
33,-22.54594018187704,-21.980732727050782,-0.07917863130569458,1.0268430709838867,27.28179931640625,199.855997592588,0.001,,
34,-22.178823736649527,-22.227651405334473,-0.08239500224590302,0.9889100193977356,27.14929962158203,192.21504549436932,0.001,,
35,-22.315957781634754,-21.393054008483887,-0.22894012928009033,1.0750466585159302,27.432140350341797,191.04239992552166,0.001,,
36,-22.433706935447983,-22.03732261657715,0.05734593793749809,1.0424299240112305,27.485450744628906,208.352114134197,0.001,,
37,-21.78755335264568,-20.518189430236816,-0.2863202393054962,1.0895987749099731,26.865734100341797,223.1330115402801,0.001,,
38,-22.166609220866917,-21.212635231018066,-0.17667117714881897,1.0611581802368164,26.999649047851562,177.25888727888275,0.001,,
39,-22.6336872245692,-22.628417205810546,0.05540246516466141,0.992408275604248,27.570886611938477,192.6361703993399,0.001,,
40,-21.656406016289434,-20.573950958251952,-0.24180977046489716,1.0828336477279663,26.73032569885254,174.1811887523796,0.001,63.077324339483226,0.047
41,-21.836839048168326,-22.39447135925293,0.04156902804970741,0.9970816373825073,27.370628356933594,192.58966465237773,0.001,,
42,-22.790052776095234,-22.095694541931152,-0.09606239944696426,1.0389878749847412,27.540449142456055,184.97855792468107,0.001,,
43,-22.502849264989926,-22.01917133331299,-0.1369495838880539,1.0407750606536865,27.531461715698242,199.15927037106286,0.001,,
44,-22.601259424716613,-22.74407081604004,0.06310014426708221,0.9967655539512634,27.73238754272461,177.42103373853467,0.001,,
45,-22.980828587012955,-21.109643745422364,0.2500211000442505,1.1371433734893799,27.883249282836914,201.91912407211112,0.001,,
46,-22.43191142021855,-21.129977798461915,-0.06532879173755646,1.1115540266036987,27.33203125,176.3681310339819,0.001,,
47,-23.015175879756107,-21.640174102783202,0.08004342764616013,1.1303876638412476,28.059993743896484,188.94943700862837,0.001,,
48,-22.66870008541059,-20.880925178527832,0.1344156116247177,1.1930004358291626,28.084178924560547,221.19145656537407,0.001,,
49,-22.55270902416374,-21.151609039306642,0.17196106910705566,1.0658931732177734,26.980653762817383,199.98389724538296,0.001,,
50,-22.5638093827646,-21.119415855407716,0.15375147759914398,1.156734824180603,27.92567253112793,199.82108456575418,0.001,61.62291838236553,0.0478
51,-22.81445225582847,-21.208969116210938,-0.21062377095222473,1.13934326171875,27.921518325805664,188.5353094173383,0.001,,
52,-22.810976390597187,-20.31238536834717,0.18856965005397797,1.2158540487289429,27.884492874145508,208.2718303535558,0.001,,
53,-23.17347094378894,-21.914668083190918,0.18115301430225372,1.1108633279800415,28.249467849731445,216.76718603206587,0.001,,
54,-23.212777898281434,-20.972303009033205,0.05187324807047844,1.18616783618927,28.022449493408203,226.93939904321599,0.001,,
55,-22.54393978360333,-19.83495674133301,0.3314327299594879,1.1942330598831177,27.510156631469727,178.1618753747095,0.001,,
56,-22.979619424554365,-22.256381034851074,-0.0403718538582325,1.0687317848205566,27.972705841064453,212.05050765411764,0.001,,
57,-23.14923419228083,-20.293761444091796,0.11966171115636826,1.2175583839416504,27.78165626525879,194.05406922931914,0.001,,
58,-22.99754415584516,-22.29220027923584,-0.11966586112976074,1.0721648931503296,28.109786987304688,186.79868886440616,0.001,,
59,-22.579141133948216,-22.344931030273436,0.05279126018285751,1.0372873544692993,27.73572540283203,210.92157943339288,0.001,,
60,-23.43410267407381,-22.074840354919434,-0.032783545553684235,1.0908448696136475,28.03164291381836,200.33274860623516,0.001,52.1596432177857,0.063
61,-24.039107527913927,-23.169478034973146,-0.08651425689458847,1.0496553182601929,28.715333938598633,140.4646495384506,0.0005,,
62,-24.20001394537431,-23.017181587219238,0.0492803230881691,1.0835403203964233,28.8941593170166,190.11989786655087,0.0005,,
63,-24.31698422492305,-23.672312545776368,-0.012744247913360596,1.0583399534225464,29.2721004486084,208.01209490812278,0.0005,,
64,-24.580737270886384,-23.33348865509033,-0.05485966429114342,1.1010414361953735,29.406768798828125,208.14532345156127,0.0005,,
65,-24.4331695460066,-23.80477123260498,0.019646286964416504,1.0464162826538086,29.280412673950195,219.00155349924594,0.0005,,
66,-24.628799679913097,-23.707756423950194,0.020166633650660515,1.0826122760772705,29.56757164001465,238.7048150557506,0.0005,,
67,-24.249963398221173,-23.49448471069336,0.047284744679927826,1.0635027885437012,29.163999557495117,247.7692060832736,0.0005,,
68,-23.651844362669355,-23.436759376525877,-0.010510637424886227,1.0358859300613403,28.799253463745117,318.897095595734,0.0005,,
69,-24.164935703519024,-23.383495330810547,-0.021841533482074738,1.0732231140136719,29.145597457885742,319.8026463955264,0.0005,,
70,-24.5922173850144,-23.6058708190918,-0.035518139600753784,1.0936551094055176,29.588890075683594,233.51241022423852,0.0005,42.77081211538211,0.0922
71,-24.580541345137583,-23.153596115112304,0.12302464991807938,1.1108944416046143,29.39571189880371,226.03625787662554,0.0005,,
72,-24.330370601219467,-23.452121925354003,-0.017358075827360153,1.0975580215454102,29.474700927734375,274.22919048840487,0.0005,,
73,-24.519944565205634,-23.426106262207032,0.002450775820761919,1.0858709812164307,29.32045555114746,280.92016572590114,0.0005,,
74,-24.277556455588037,-23.92858715057373,-0.021682213991880417,1.057982325553894,29.525527954101562,255.95296130602873,0.0005,,
75,-24.723809350894975,-23.40299129486084,0.15327849984169006,1.1080864667892456,29.657787322998047,276.2155107908611,0.0005,,
76,-24.82175839098194,-23.22128391265869,-0.11340420693159103,1.1311709880828857,29.685855865478516,271.58126155032386,0.0005,,
77,-24.815717890292785,-23.259822273254393,-0.08578623086214066,1.1279301643371582,29.659719467163086,260.82953605168984,0.0005,,
78,-24.533107395413555,-23.02200412750244,0.11794701218605042,1.113305687904358,29.283042907714844,245.36468022986304,0.0005,,
79,-24.303945130939724,-22.266477203369142,0.1662783920764923,1.1697441339492798,29.24653434753418,329.5472451704967,0.0005,,
80,-23.94865844823137,-23.236938095092775,0.04786130040884018,1.080496072769165,29.086288452148438,312.3923883558829,0.0005,43.188312927337904,0.0848
81,-24.563494742671146,-23.152338218688964,0.13811028003692627,1.1328608989715576,29.66140365600586,259.1486041877843,0.0005,,
82,-24.519139784800856,-23.712473487854005,0.0564439631998539,1.0873003005981445,29.639324188232422,255.25451157968254,0.0005,,
83,-24.77520739881298,-23.77081642150879,0.03480968624353409,1.0912712812423706,29.72982406616211,270.9404694762411,0.0005,,
84,-24.449511878098114,-23.343825340270996,-0.11588847637176514,1.1178079843521118,29.658370971679688,323.9962862232063,0.0005,,
85,-24.601185327843776,-23.580979537963866,0.07114148885011673,1.1053211688995361,29.711994171142578,273.91469670549225,0.0005,,
86,-24.635166071638277,-23.339217567443846,0.016605917364358902,1.13348388671875,29.76303482055664,273.6288569969467,0.0005,,
87,-24.348581724529026,-23.441983795166017,-0.0730847641825676,1.0839781761169434,29.34568214416504,333.3146811376644,0.0005,,
88,-25.01289676714547,-23.795416259765624,-0.0065392921678721905,1.105468988418579,29.906940460205078,262.51874638810943,0.0005,,
89,-24.478307965435558,-23.60082130432129,-0.009599258191883564,1.0782424211502075,29.41316032409668,342.11090348642085,0.0005,,
90,-24.153904323336445,-22.836550903320312,-0.1537601351737976,1.1243284940719604,29.2757568359375,290.53382347203507,0.0005,49.25933044687634,0.0736
91,-25.271538070485562,-23.790409088134766,0.023051999509334564,1.1204804182052612,30.070537567138672,218.76094740855544,0.00025,,
92,-25.407067962839633,-24.00571212768555,0.002302928827702999,1.1069945096969604,30.130130767822266,232.50110104717785,0.00025,,
93,-25.454602567455435,-23.7506046295166,0.0930790901184082,1.1314287185668945,30.19228172302246,205.45754773103738,0.00025,,
94,-25.49434908130501,-23.82786808013916,-0.0750579759478569,1.1336466073989868,30.277952194213867,211.75721166103702,0.00025,,
95,-25.54677540742898,-23.864430046081544,-0.059721440076828,1.1366112232208252,30.341297149658203,216.8662824992892,0.00025,,
96,-25.492263142066665,-23.456808662414552,0.147258922457695,1.1531604528427124,30.210708618164062,268.26878704602206,0.00025,,
97,-25.548017356969133,-23.829224395751954,0.04453346133232117,1.1496689319610596,30.445199966430664,261.66579862184165,0.00025,,
98,-25.37051922761941,-24.018207931518553,0.0277310311794281,1.1293200254440308,30.39592742919922,393.35894582241394,0.00025,,
99,-25.568687366533883,-23.845133590698243,-0.06212557479739189,1.1481026411056519,30.452953338623047,229.97321966629994,0.00025,,
100,-25.53203491017788,-23.472835540771484,0.03851693123579025,1.1763503551483154,30.394378662109375,284.1701451555083,0.00025,37.3938192130968,0.0976
101,-25.507194132744512,-23.66744194030762,-0.007334431167691946,1.1485633850097656,30.257049560546875,267.0819461677648,0.00025,,
102,-25.63052892081345,-23.317552947998045,-0.08137641102075577,1.2006211280822754,30.556528091430664,245.55577483358263,0.00025,,
103,-25.7104117719433,-23.33626518249512,-0.023818008601665497,1.205912470817566,30.608142852783203,265.6963813878313,0.00025,,
104,-25.572906759720816,-23.920140075683594,-0.027523254975676537,1.1455663442611694,30.480953216552734,304.0472020982187,0.00025,,
105,-25.63509351995927,-22.7462007522583,0.14330480992794037,1.233763337135315,30.455739974975586,297.836503910113,0.00025,,
106,-25.719010292729244,-23.839569664001466,-0.008472808636724949,1.1633528470993042,30.603530883789062,285.2789785650712,0.00025,,
107,-25.58126862441437,-23.905229377746583,-0.040805839002132416,1.1526590585708618,30.554899215698242,352.36422690862344,0.00025,,
108,-25.74511192418352,-23.533990478515626,0.07396019250154495,1.1837729215621948,30.5645751953125,255.90376049959207,0.00025,,
109,-25.685293101057223,-23.51722812652588,-0.01617259345948696,1.1962504386901855,30.66680908203125,275.48129629787013,0.00025,,
110,-25.72231256509129,-23.375454139709472,0.06871821731328964,1.1990890502929688,30.586349487304688,301.9270789230926,0.00025,40.18630061862044,0.104
111,-25.501190040684953,-23.464633750915528,-0.016169721260666847,1.1825644969940186,30.46058464050293,410.52207483219195,0.00025,,
112,-25.67067964771126,-23.938415908813475,0.0026497843209654093,1.1450515985488892,30.493040084838867,339.47753066050853,0.00025,,
113,-25.621683965755416,-23.33275451660156,0.10057078301906586,1.1949323415756226,30.518903732299805,349.7858976533141,0.00025,,
114,-25.685441487952122,-24.020655250549318,0.037211570888757706,1.148350715637207,30.61809730529785,271.21480907971346,0.00025,,
115,-25.80685441705245,-23.185716438293458,0.018617412075400352,1.2230809926986694,30.664724349975586,262.7224648874017,0.00025,,
116,-25.832614729676067,-23.715740966796876,-0.0007543530082330108,1.1891731023788452,30.780986785888672,320.22739902930925,0.00025,,
117,-25.612771142887162,-23.916483306884764,-0.016128050163388252,1.149550437927246,30.52419090270996,338.865554133548,0.00025,,
118,-25.78798902487453,-23.673774337768556,-0.10654304921627045,1.1823976039886475,30.715856552124023,286.02263873136496,0.00025,,
119,-25.91768643825869,-23.794050788879396,-0.033321306109428406,1.1782854795455933,30.74042510986328,314.46661444555355,0.00025,,
120,-25.430106802831723,-23.303470039367674,-0.012704572640359402,1.1856586933135986,30.33599281311035,363.46729780752446,0.00025,44.22787115418629,0.1016
121,-25.821765996232816,-23.307373809814454,-0.007635822985321283,1.217519760131836,30.71732521057129,325.5908845346185,0.00025,,
122,-25.861940263192864,-23.373044967651367,-0.027956217527389526,1.2133344411849976,30.735912322998047,305.6103992703595,0.00025,,
123,-25.973893636389622,-23.713749122619628,-0.060887567698955536,1.19296395778656,30.846328735351562,331.22066758554195,0.00025,,
124,-25.901684748975537,-23.534718704223632,-0.11069605499505997,1.1990607976913452,30.782670974731445,317.03162866906274,0.00025,,
125,-25.558860175217255,-23.593022727966307,0.10907462984323502,1.1732945442199707,30.53786277770996,375.038176331339,0.00025,,
126,-25.78155017804496,-23.719146156311034,-0.04148472100496292,1.1855491399765015,30.753299713134766,316.9706068401095,0.00025,,
127,-26.001518177080758,-23.672840881347657,-0.02930929698050022,1.1958290338516235,30.8260555267334,312.50397607344615,0.00025,,
128,-25.898635067517244,-23.670580291748045,-0.012752274982631207,1.196144700050354,30.824899673461914,340.01071147677266,0.00025,,
129,-25.542179107666016,-23.67078056335449,-0.010651443153619766,1.1818588972091675,30.655181884765625,432.7546881180775,0.00025,,
130,-25.9024115212356,-23.826929664611818,0.08829530328512192,1.1747760772705078,30.762290954589844,284.7132042993473,0.00025,38.27087810669458,0.1162
131,-26.23095736926115,-23.93465099334717,0.053342949599027634,1.1826114654541016,30.938480377197266,232.14705725561214,0.000125,,
132,-26.28382115424434,-23.843346405029298,0.06081549823284149,1.1901230812072754,30.940765380859375,200.89960441106481,0.000125,,
133,-26.26201564450807,-23.714268493652344,-0.022419873625040054,1.2046924829483032,30.971010208129883,213.96295967584925,0.000125,,
134,-26.238581114177464,-23.827721214294435,0.024880729615688324,1.1981310844421387,31.00653076171875,229.11618978765947,0.000125,,
135,-26.099966725216635,-23.766270065307616,0.132815420627594,1.1996617317199707,31.047433853149414,408.5748999873294,0.000125,,
136,-26.365030457701863,-23.56918296813965,0.050319381058216095,1.2274940013885498,31.11383056640625,193.95671516128732,0.000125,,
137,-26.27245171462433,-23.786531257629395,0.0060833534225821495,1.2077999114990234,31.079044342041016,257.6777997560139,0.000125,,
138,-26.3291892522498,-23.605900382995607,0.00763945234939456,1.225273609161377,31.111572265625,283.2165163257454,0.000125,,
139,-26.365801799146436,-23.94753475189209,0.012035280466079712,1.2000104188919067,31.146806716918945,229.26471343221544,0.000125,,
140,-26.39783967899371,-23.41147651672363,-0.0013095996109768748,1.2446990013122559,31.154043197631836,281.3394443173952,0.000125,41.68439257123685,0.111
141,-26.387952176830435,-23.658360481262207,-0.058721739798784256,1.225522756576538,31.18208122253418,336.53050888640973,0.000125,,
142,-26.39983713174168,-23.82413558959961,0.041104838252067566,1.2144572734832764,31.202762603759766,238.46309922616692,0.000125,,
143,-26.41921340362935,-23.668053817749023,0.12898766994476318,1.2195589542388916,31.185144424438477,237.19266625899303,0.000125,,
144,-26.463957798631885,-23.40715637207031,-0.008791153319180012,1.2537193298339844,31.261749267578125,245.64915852607052,0.000125,,
145,-26.368372542948663,-23.85728874206543,0.001871461165137589,1.2152388095855713,31.24071502685547,294.14587721039976,0.000125,,
146,-26.436531960209713,-23.70142707824707,-0.10695747286081314,1.2187421321868896,31.182390213012695,216.35894041423555,0.000125,,
147,-26.567210933830165,-23.74148349761963,-0.027276434004306793,1.232628583908081,31.343244552612305,174.59214995178996,6.25e-05,,
148,-26.591100716892676,-23.793946266174316,0.057578328996896744,1.2266745567321777,31.329833984375,146.11403284193594,6.25e-05,,
149,-26.626231543625458,-23.730043792724608,0.03126567229628563,1.2340102195739746,31.347063064575195,163.42422630213483,6.25e-05,,
150,-26.62392510039897,-23.875460815429687,-0.04924493283033371,1.2177144289016724,31.300418853759766,186.4898621281491,6.25e-05,39.697095909603156,0.1186
151,-26.624523017979875,-23.62919921875,0.04055408388376236,1.2410393953323364,31.33632469177246,145.01663043830968,6.25e-05,,
152,-26.63318107701555,-23.558046913146974,0.06330794095993042,1.2479521036148071,31.3632869720459,195.92184708993645,6.25e-05,,
153,-26.655679075023794,-23.857196235656737,0.04739859327673912,1.2237085103988647,31.354106903076172,243.4806399767912,6.25e-05,,
154,-26.65374574781973,-23.8053035736084,-0.004704526159912348,1.2304219007492065,31.373912811279297,198.96776435948627,6.25e-05,,
155,-26.665606148635284,-23.7831672668457,-0.029835157096385956,1.2343177795410156,31.405406951904297,179.4172349760804,6.25e-05,,
156,-26.676973077315317,-23.818781089782714,0.018087301403284073,1.2294460535049438,31.378381729125977,135.5216684945022,6.25e-05,,
157,-26.668440613565565,-23.83677978515625,0.003701077541336417,1.2324042320251465,31.428787231445312,199.6287268626539,6.25e-05,,
158,-26.702622932723806,-23.746722412109374,0.028423676267266273,1.2382092475891113,31.413562774658203,208.97385449952716,6.25e-05,,
159,-26.709297349181355,-23.760622406005858,0.06667841970920563,1.235083818435669,31.406627655029297,169.33655451521088,6.25e-05,,
160,-26.72438269023654,-23.56206169128418,0.009583051316440105,1.2561547756195068,31.451377868652344,175.80447938170613,6.25e-05,36.32536512551794,0.1222
161,-26.675884826273858,-23.771227073669433,0.06146001070737839,1.237546682357788,31.445049285888672,272.85612140124357,6.25e-05,,
162,-26.70803632615488,-23.794612693786622,0.05828767642378807,1.2348755598068237,31.43600082397461,185.75024776217305,6.25e-05,,
163,-26.787575033646597,-23.787711906433106,0.004390195477753878,1.2410833835601807,31.488525390625,143.22135234784477,3.125e-05,,
164,-26.80614135838762,-23.8005277633667,-0.010805444791913033,1.2401328086853027,31.48949432373047,120.40788457363466,3.125e-05,,
165,-26.80847996096068,-23.74614849090576,0.01365699339658022,1.2458385229110718,31.507112503051758,143.13887386080586,3.125e-05,,
166,-26.814017476914803,-23.73715744018555,0.016317255795001984,1.2475858926773071,31.518524169921875,164.43442202217972,3.125e-05,,
167,-26.81533890736254,-23.75182399749756,0.030644647777080536,1.2475378513336182,31.53547477722168,153.9567979257318,3.125e-05,,
168,-26.827770812601983,-23.728227043151854,-0.0035989019088447094,1.2497129440307617,31.53407859802246,113.3110844093033,3.125e-05,,
169,-26.834247347674793,-23.78015003204346,0.02939562313258648,1.2445342540740967,31.52655029296875,112.69693635385248,3.125e-05,,
170,-26.832992312274403,-23.734577560424803,0.055752724409103394,1.2497578859329224,31.557174682617188,134.08673689637004,3.125e-05,40.35713234862254,0.1122
171,-26.838998673837395,-23.775066566467284,0.006008672993630171,1.2484016418457031,31.566059112548828,158.84145997445793,3.125e-05,,
172,-26.84414023387281,-23.739225387573242,-0.008348802104592323,1.2494111061096191,31.54326820373535,156.30903857267356,3.125e-05,,
173,-26.82575278946116,-23.680583000183105,0.024259869009256363,1.258277416229248,31.59855079650879,150.20773836932605,3.125e-05,,
174,-26.85268655607972,-23.712832832336424,0.025546293705701828,1.2548109292984009,31.588359832763672,124.88566763189775,3.125e-05,,
175,-26.860318823705747,-23.70557231903076,0.038625318557024,1.2530148029327393,31.56145668029785,127.16794731043562,3.125e-05,,
176,-26.860318364976326,-23.73523826599121,0.027002746239304543,1.2528526782989502,31.585031509399414,155.52756543702716,3.125e-05,,
177,-26.863763640198528,-23.700537872314452,0.007840432226657867,1.2553880214691162,31.580081939697266,125.00803959520557,3.125e-05,,
178,-26.868096049827866,-23.70644187927246,-0.040275223553180695,1.2547160387039185,31.584856033325195,141.5808443962773,3.125e-05,,
179,-26.894297008272968,-23.729624938964843,0.019001554697752,1.253782033920288,31.591150283813477,119.03709744803513,1.5625e-05,,
180,-26.90058094942117,-23.732628631591798,0.034170277416706085,1.2542152404785156,31.603225708007812,114.87125811999357,1.5625e-05,35.383080537537644,0.123
181,-26.914963637726217,-23.747206497192384,0.017808690667152405,1.2527539730072021,31.595781326293945,104.07550951800769,1.5625e-05,,
182,-26.919038458715512,-23.73114757537842,0.03782578185200691,1.2547249794006348,31.608142852783203,108.42649855794785,1.5625e-05,,
183,-26.921122031875804,-23.717663383483888,0.00854381825774908,1.2574409246444702,31.622787475585938,105.60802628722372,1.5625e-05,,
184,-26.928378624252126,-23.6903018951416,0.03800075501203537,1.2591999769210815,31.623762130737305,101.70317067979258,1.5625e-05,,
185,-26.92587574826011,-23.69504337310791,0.021611720323562622,1.2606877088546753,31.64158058166504,109.051854966562,1.5625e-05,,
186,-26.933028353920466,-23.72333641052246,0.027584807947278023,1.257121205329895,31.627931594848633,101.39820335484758,1.5625e-05,,
187,-26.926999635334255,-23.712736701965333,0.0199869517236948,1.2581530809402466,31.628562927246094,115.84233320212063,1.5625e-05,,
188,-26.94348489785496,-23.69490337371826,0.01217676978558302,1.2599483728408813,31.632034301757812,118.66091580934162,1.5625e-05,,
189,-26.92589515975759,-23.695000648498535,0.019316162914037704,1.2612324953079224,31.649324417114258,117.59808267520953,1.5625e-05,,
190,-26.937790858594678,-23.698338127136232,0.011409091763198376,1.2602790594100952,31.6390380859375,104.48650200759309,1.5625e-05,36.751908128231925,0.1244
191,-26.928001427952246,-23.65655059814453,0.03716094791889191,1.2637717723846436,31.64739990234375,160.37925633297692,1.5625e-05,,
192,-26.931665058377423,-23.662735748291016,0.009177528321743011,1.26462721824646,31.6586971282959,128.90826000744784,1.5625e-05,,
193,-26.937391498420812,-23.66806869506836,0.012181763537228107,1.2642725706100464,31.659549713134766,125.74849585038197,1.5625e-05,,
194,-26.934775364549854,-23.696043968200684,0.03671590983867645,1.2612231969833374,31.653881072998047,112.40536402448824,1.5625e-05,,
195,-26.963698640654357,-23.702178382873534,0.019579602405428886,1.2617583274841309,31.66318702697754,92.65205030803439,7.8125e-06,,
196,-26.9685240636898,-23.6800594329834,0.0031334173399955034,1.2652406692504883,31.682811737060547,88.09536042998108,7.8125e-06,,
197,-26.969560092008567,-23.699158668518066,0.009245678782463074,1.262399435043335,31.66669464111328,88.66699976860723,7.8125e-06,,
198,-26.982517942597596,-23.69263858795166,-0.0027449773624539375,1.2634299993515015,31.673315048217773,93.83737206760841,7.8125e-06,,
199,-26.97216784803173,-23.690164375305176,0.018748706206679344,1.2640312910079956,31.679393768310547,93.24596506432641,7.8125e-06,,
200,-26.96937478946734,-23.669338607788085,0.014729009009897709,1.2653712034225464,31.67504119873047,82.21988900100129,7.8125e-06,39.92486857945551,0.1164
201,-26.97682612455344,-23.670039939880372,0.029591264203190804,1.2651878595352173,31.676485061645508,99.49255781535861,7.8125e-06,,
202,-26.975681546368175,-23.660587120056153,0.013531127013266087,1.2670443058013916,31.687210083007812,86.87631655342972,7.8125e-06,,
203,-26.98370131963416,-23.67464828491211,0.028301605954766273,1.265485167503357,31.68431282043457,100.6527025246922,7.8125e-06,,
204,-26.980676457851747,-23.683346557617188,0.011104614473879337,1.2660374641418457,31.69698143005371,90.06184879737565,7.8125e-06,,
205,-26.977575567704214,-23.652885246276856,0.011938245967030525,1.2678629159927368,31.689868927001953,90.74482302122479,7.8125e-06,,
206,-26.98232307916955,-23.63198070526123,0.017566779628396034,1.2699158191680908,31.69590950012207,96.23909464968911,7.8125e-06,,
207,-26.97743729700016,-23.67004261016846,0.02027175948023796,1.2674140930175781,31.70259666442871,103.04504157923445,7.8125e-06,,
208,-26.98252156414563,-23.66514072418213,0.020084289833903313,1.2670844793319702,31.693862915039062,97.9977251849597,7.8125e-06,,
209,-26.985199892068213,-23.674316596984863,0.019984258338809013,1.266241431236267,31.692649841308594,89.70671342294428,7.8125e-06,,
210,-26.98563177374345,-23.65525894165039,0.01963992603123188,1.268375277519226,31.70037269592285,103.04274735269668,7.8125e-06,42.613434182257805,0.113
211,-27.00457534307166,-23.680309295654297,0.011705474928021431,1.2661473751068115,31.695844650268555,80.18699834316591,3.90625e-06,,
212,-26.99931364421603,-23.678632164001463,0.02200334705412388,1.2663731575012207,31.69849395751953,78.82806473744067,3.90625e-06,,
213,-27.007588422751123,-23.662128067016603,0.024869628250598907,1.267685055732727,31.699419021606445,81.02433902402467,3.90625e-06,,
214,-27.008551899390884,-23.664996719360353,-0.0046779317781329155,1.2682583332061768,31.706462860107422,78.21123668815517,3.90625e-06,,
215,-27.003516185132764,-23.652025985717774,0.025850292295217514,1.2695420980453491,31.712228775024414,74.62812964523894,3.90625e-06,,
216,-26.996234145345568,-23.68389148712158,0.01566770114004612,1.2659575939178467,31.69732093811035,79.03119224838063,3.90625e-06,,
217,-26.998061940639833,-23.672139739990236,0.011518473736941814,1.26766836643219,31.70742416381836,75.76495467560201,3.90625e-06,,
218,-27.010283675374865,-23.635811424255373,0.03292093798518181,1.271153211593628,31.719125747680664,75.40209917478924,3.90625e-06,,
219,-27.00690648525576,-23.666179847717284,0.019696902483701706,1.2678688764572144,31.70429039001465,87.56311744979665,3.90625e-06,,
220,-27.00338122210925,-23.65205307006836,0.03097688965499401,1.2694631814956665,31.712787628173828,79.73571313785601,3.90625e-06,37.28335130529838,0.1114
221,-27.008268621903433,-23.656714630126952,0.00620268052443862,1.2691923379898071,31.710311889648438,87.33601601516145,3.90625e-06,,
222,-27.01484583601167,-23.663369750976564,0.018807103857398033,1.2684537172317505,31.708749771118164,77.19402037994772,3.90625e-06,,
223,-27.013013429279567,-23.647377014160156,0.030045049265027046,1.269803762435913,31.712709426879883,79.89049336880068,3.90625e-06,,
224,-27.012429177006588,-23.652863693237304,0.017259279265999794,1.270210862159729,31.720394134521484,84.29327672644507,3.90625e-06,,
225,-27.006729801998862,-23.659243011474608,0.0031809117645025253,1.26954185962677,31.717016220092773,80.73295385626298,3.90625e-06,,
226,-27.010453984707215,-23.64632911682129,0.016246987506747246,1.2704472541809082,31.716005325317383,84.88596257076988,3.90625e-06,,
227,-27.019165401217304,-23.65081920623779,0.016857000067830086,1.2702701091766357,31.719074249267578,66.77268363856062,1.953125e-06,,
228,-27.019021553329274,-23.64489574432373,0.021880993619561195,1.2707327604293823,31.720077514648438,74.60370413864715,1.953125e-06,,
229,-27.01778240445294,-23.64264373779297,0.030204707756638527,1.271041989326477,31.723636627197266,73.542669899856,1.953125e-06,,
230,-27.019060159031348,-23.64753131866455,0.01535564661026001,1.271044373512268,31.72502899169922,69.94211254844183,1.953125e-06,38.95218952837496,0.1156
231,-27.02338477026058,-23.64931697845459,0.019348401576280594,1.2707123756408691,31.723350524902344,81.64776152598706,1.953125e-06,,
232,-27.023996015138263,-23.6449068069458,0.022978559136390686,1.2708663940429688,31.72154998779297,71.10662972172604,1.953125e-06,,
233,-27.014033450356013,-23.644793891906737,0.030563095584511757,1.270906925201416,31.72418975830078,75.90334088289285,1.953125e-06,,
234,-27.017574310302734,-23.64524402618408,0.01680661179125309,1.2712279558181763,31.72585678100586,79.60829230199886,1.953125e-06,,
235,-27.02102854282041,-23.645371437072754,0.02156306616961956,1.271005630493164,31.72364616394043,72.08150670498232,1.953125e-06,,
236,-27.021115991133676,-23.64406814575195,0.01880352571606636,1.2712739706039429,31.725872039794922,74.4871913089028,1.953125e-06,,
237,-27.02483870107916,-23.64159412384033,0.028035158291459084,1.2711060047149658,31.72288703918457,78.50763499585888,1.953125e-06,,
238,-27.021815674214423,-23.640409469604492,0.010344749316573143,1.2719753980636597,31.72943687438965,69.97506897358954,1.953125e-06,,
239,-27.02248764038086,-23.641662216186525,0.022062690928578377,1.2714377641677856,31.72575569152832,66.93468678148487,1.953125e-06,,
240,-27.019223152836666,-23.643351745605468,0.024665242061018944,1.271403431892395,31.727487564086914,74.79051638253128,1.953125e-06,42.8763540101853,0.1116
241,-27.021888636335543,-23.651973915100097,0.018857313320040703,1.2707306146621704,31.726394653320312,74.91818546343454,1.953125e-06,,
242,-27.025599660752693,-23.643464851379395,0.02339145913720131,1.2715240716934204,31.729055404663086,69.6289149900026,1.953125e-06,,
243,-27.025993467886238,-23.636631584167482,0.025774596258997917,1.2721209526062012,31.730056762695312,70.06762661511385,9.765625e-07,,
244,-27.03043464467495,-23.647901725769042,0.01463973056524992,1.2712666988372803,31.728424072265625,68.30071461351612,9.765625e-07,,
245,-27.022049167488195,-23.64161434173584,0.012296110391616821,1.2718695402145386,31.729684829711914,64.28123049192791,9.765625e-07,,
246,-27.033784504178204,-23.643232345581055,0.017762161791324615,1.2716457843780518,31.729150772094727,70.43255030957958,9.765625e-07,,
247,-27.02090376841871,-23.647354507446288,0.015890369191765785,1.271225929260254,31.72776222229004,67.84256290484079,9.765625e-07,,
248,-27.029169517227366,-23.64642391204834,0.02002415433526039,1.2713861465454102,31.729162216186523,66.59979098356223,9.765625e-07,,
249,-27.034641966035096,-23.643087005615236,0.012588083744049072,1.2719634771347046,31.732168197631836,63.88703126545194,9.765625e-07,,
250,-27.03166058697278,-23.645988845825194,0.012795671820640564,1.271679401397705,31.731481552124023,67.70213269583786,9.765625e-07,39.425670820005664,0.1176
251,-27.02350681642943,-23.6468147277832,0.013106049969792366,1.2714864015579224,31.73008155822754,68.94639939899686,9.765625e-07,,
252,-27.03106674966933,-23.642209434509276,0.01602603867650032,1.2719956636428833,31.732065200805664,67.39948180959195,9.765625e-07,,
253,-27.022881085359597,-23.637391662597658,0.022150110453367233,1.2722896337509155,31.73236846923828,64.54934501647949,9.765625e-07,,
254,-27.016000916686238,-23.647776794433593,0.015492856502532959,1.2715027332305908,31.73151969909668,72.55707719054404,9.765625e-07,,
255,-27.025895951669426,-23.635798454284668,0.019998548552393913,1.2724425792694092,31.732393264770508,69.08229625074169,9.765625e-07,,
256,-27.03229259539254,-23.6480375289917,0.015580876730382442,1.2714734077453613,31.731393814086914,71.83743435823465,9.765625e-07,,
257,-27.033622789986527,-23.631105613708495,0.029468003660440445,1.2727047204971313,31.73314094543457,67.64279961887794,9.765625e-07,,
258,-27.030476944356025,-23.637121391296386,0.01554702315479517,1.2726365327835083,31.73509407043457,68.5942835264568,9.765625e-07,,
259,-27.03367110143734,-23.64152374267578,0.01996208354830742,1.2720932960510254,31.733421325683594,65.86752792551547,4.8828125e-07,,
260,-27.0192328102981,-23.637569618225097,0.02280251495540142,1.2724008560180664,31.733861923217773,65.64891337141206,4.8828125e-07,38.6421656103245,0.1218
261,-27.030505313148982,-23.64395751953125,0.014171648770570755,1.2719614505767822,31.733308792114258,66.0925379885903,4.8828125e-07,,
262,-27.024357518063315,-23.637714195251466,0.02186259999871254,1.2724342346191406,31.73429298400879,66.6719498936134,4.8828125e-07,,
263,-27.035881332204312,-23.638159370422365,0.020951831713318825,1.2723690271377563,31.733877182006836,62.57961929900737,4.8828125e-07,,
264,-27.027787679358372,-23.63714733123779,0.02017313428223133,1.2724542617797852,31.733728408813477,67.64370838599869,4.8828125e-07,,
265,-27.025970362409762,-23.641366004943848,0.015373826958239079,1.272109031677246,31.732925415039062,64.48405688322043,4.8828125e-07,,
266,-27.0338212266753,-23.639371871948242,0.019029051065444946,1.2723040580749512,31.733877182006836,63.82415293440034,4.8828125e-07,,
267,-27.03086908557747,-23.63754997253418,0.023960480466485023,1.2724376916885376,31.734638214111328,65.96330454379698,4.8828125e-07,,
268,-27.02574616444262,-23.638318061828613,0.022538797929883003,1.2724119424819946,31.734811782836914,66.12512805793858,4.8828125e-07,,
269,-27.035424896433383,-23.638136100769042,0.015262446366250515,1.2724716663360596,31.734390258789062,65.40124135077754,4.8828125e-07,,
270,-27.03449727311919,-23.638655281066896,0.021132128313183784,1.2724038362503052,31.734806060791016,63.81435230110265,4.8828125e-07,41.59616743835177,0.11
271,-27.034738202638263,-23.639125442504884,0.01877957582473755,1.272390604019165,31.734663009643555,63.11657019506527,4.8828125e-07,,
272,-27.032529710214348,-23.637374496459962,0.016872908920049667,1.2726973295211792,31.736478805541992,64.29328223119808,4.8828125e-07,,
273,-27.040084428425075,-23.63962326049805,0.015327156521379948,1.2724292278289795,31.735193252563477,62.71861856194991,4.8828125e-07,,
274,-27.02867005746576,-23.63983325958252,0.018391767516732216,1.2723522186279297,31.734952926635742,64.27898006197772,4.8828125e-07,,
275,-27.03877999510946,-23.6380126953125,0.017949018627405167,1.2726209163665771,31.73638153076172,68.590443333493,2.44140625e-07,,
276,-27.03361289108856,-23.63611946105957,0.022150803357362747,1.2726349830627441,31.735443115234375,64.56185647505748,2.44140625e-07,,
277,-27.0350466619564,-23.635089492797853,0.021304035559296608,1.2727631330490112,31.73590660095215,64.58159627793711,2.44140625e-07,,
278,-27.0260205329219,-23.637035751342772,0.01812264695763588,1.2726997137069702,31.736474990844727,65.07349936569793,2.44140625e-07,,
279,-27.02870885631706,-23.639263153076172,0.0181131474673748,1.2724562883377075,31.735578536987305,61.329616498343555,2.44140625e-07,,
280,-27.034378534630886,-23.63959655761719,0.016504602506756783,1.2724497318267822,31.735580444335938,66.40927264056629,2.44140625e-07,40.464002545706975,0.1178
281,-27.032485285891763,-23.635238647460938,0.020627090707421303,1.2728408575057983,31.73689079284668,64.25356563133529,2.44140625e-07,,
282,-27.027697164801104,-23.637195014953612,0.01980510912835598,1.2726422548294067,31.736175537109375,65.70207465449467,2.44140625e-07,,
283,-27.033524187305307,-23.63518829345703,0.020598817616701126,1.2727813720703125,31.736106872558594,64.13868718207637,2.44140625e-07,,
284,-27.03800831565374,-23.638306045532225,0.01647030934691429,1.2726686000823975,31.73696517944336,65.14778117892108,2.44140625e-07,,
285,-27.03159856192673,-23.6347017288208,0.02061471715569496,1.2729519605636597,31.73769760131836,66.75444334971753,2.44140625e-07,,
286,-27.032040052776097,-23.637737846374513,0.017437094822525978,1.2726494073867798,31.736366271972656,66.37987716288507,2.44140625e-07,,
287,-27.04069270363337,-23.636957931518555,0.019395289942622185,1.2727024555206299,31.736679077148438,60.599695326406746,2.44140625e-07,,
288,-27.029161960263796,-23.638739013671874,0.017403800040483475,1.2725878953933716,31.73653793334961,63.20263082769853,2.44140625e-07,,
289,-27.03236635425423,-23.636165046691893,0.020387405529618263,1.2727605104446411,31.73673439025879,64.64859308170367,2.44140625e-07,,
290,-27.032470002959045,-23.638822174072267,0.016406908631324768,1.2726134061813354,31.736753463745117,65.80291970168489,2.44140625e-07,39.24755603798373,0.1176
291,-27.035618866546244,-23.636608123779297,0.018691977486014366,1.2727768421173096,31.737041473388672,62.09608053859276,1.220703125e-07,,
292,-27.03569936148728,-23.635757064819337,0.01933230273425579,1.2728207111358643,31.736919403076172,61.82081386711024,1.220703125e-07,,
293,-27.033526674101623,-23.63654479980469,0.01819322258234024,1.272788405418396,31.737071990966797,63.78594009785713,1.220703125e-07,,
294,-27.03439232065708,-23.637608146667482,0.018165137618780136,1.272666096687317,31.736587524414062,63.37918863417227,1.220703125e-07,,
295,-27.04051169866248,-23.63676052093506,0.01950562745332718,1.2727700471878052,31.73724937438965,64.09254141698909,1.220703125e-07,,
296,-27.031779059880897,-23.636269950866698,0.01851774752140045,1.272839903831482,31.737455368041992,64.50308242025254,1.220703125e-07,,
297,-27.03016817117039,-23.636902809143066,0.018630459904670715,1.272721290588379,31.736637115478516,63.19143309774278,1.220703125e-07,,
298,-27.03124898596655,-23.63650894165039,0.018546437844634056,1.272765874862671,31.736812591552734,60.388850296599955,1.220703125e-07,,
299,-27.04591340656522,-23.63740825653076,0.018490666523575783,1.2727041244506836,31.736915588378906,62.81761637820473,1.220703125e-07,,
300,-27.03856093974053,-23.636076354980467,0.01955465041100979,1.2727866172790527,31.736881256103516,63.517726849906055,1.220703125e-07,36.59897597376969,0.1228
301,-27.035224431677708,-23.63757038116455,0.017237409949302673,1.2727296352386475,31.73719596862793,61.530236787433864,1.220703125e-07,,
302,-27.03605350059799,-23.637721633911134,0.018791943788528442,1.272713303565979,31.73737907409668,63.25446251977848,1.220703125e-07,,
303,-27.040765448461606,-23.636720848083495,0.01854521408677101,1.2727872133255005,31.737300872802734,62.74701763104789,1.220703125e-07,,
304,-27.030823333353936,-23.636512565612794,0.01899837888777256,1.2728325128555298,31.73771858215332,66.71119255355642,1.220703125e-07,,
305,-27.043134423750864,-23.63606243133545,0.01914001628756523,1.2728546857833862,31.737552642822266,64.05569356604468,1.220703125e-07,,
306,-27.03702830061128,-23.636517333984376,0.019286183640360832,1.2728009223937988,31.737384796142578,62.05062137072599,1.220703125e-07,,
307,-27.03008270263672,-23.6368896484375,0.018763363361358643,1.2727851867675781,31.737443923950195,63.075337180608436,6.103515625e-08,,
308,-27.032092999808395,-23.636278915405274,0.018887845799326897,1.2728396654129028,31.737567901611328,64.96621240543413,6.103515625e-08,,
309,-27.03566671926764,-23.63694248199463,0.018358588218688965,1.272776484489441,31.73732566833496,65.43943458267405,6.103515625e-08,,
310,-27.036145536205435,-23.636127281188966,0.018391788005828857,1.2728424072265625,31.737375259399414,60.08952201167239,6.103515625e-08,41.97940163521354,0.1146
311,-27.026472695266143,-23.636679077148436,0.01903885416686535,1.272795557975769,31.737430572509766,65.63122138494178,6.103515625e-08,,
312,-27.03680569612527,-23.63630142211914,0.019334163516759872,1.2728129625320435,31.737350463867188,64.17867018301276,6.103515625e-08,,
313,-27.029794234263747,-23.636728858947755,0.01899110898375511,1.2727795839309692,31.737287521362305,62.47615509998949,6.103515625e-08,,
314,-27.03856424742107,-23.636783027648924,0.018712477758526802,1.27279794216156,31.737512588500977,63.04031314125544,6.103515625e-08,,
315,-27.035075586053388,-23.636333465576172,0.019231831654906273,1.272831678390503,31.73759651184082,64.99564332599881,6.103515625e-08,,
316,-27.03340390362317,-23.636284255981444,0.019042370840907097,1.2728443145751953,31.737688064575195,61.868178355542916,6.103515625e-08,,
317,-27.032918374749677,-23.63651065826416,0.01860545203089714,1.2728327512741089,31.737680435180664,64.39396778541276,6.103515625e-08,,
318,-27.031475960453854,-23.6363582611084,0.018543018028140068,1.2728420495986938,31.737634658813477,62.54012766970864,6.103515625e-08,,
319,-27.031418281265452,-23.636779594421387,0.017937837168574333,1.2728313207626343,31.73780632019043,62.987775199020966,6.103515625e-08,,
320,-27.036356068864652,-23.63670253753662,0.01862601563334465,1.2728116512298584,31.737581253051758,63.68467026722582,6.103515625e-08,36.18615027370141,0.1156
321,-27.039088647576826,-23.63608741760254,0.018510449677705765,1.272883653640747,31.737878799438477,62.590724269046056,6.103515625e-08,,
322,-27.030218100245996,-23.63617992401123,0.018283629789948463,1.2728525400161743,31.737525939941406,63.48218980620179,6.103515625e-08,,
323,-27.033680203594738,-23.63644142150879,0.01844438910484314,1.2728327512741089,31.73756217956543,64.34950729563266,3.0517578125e-08,,
324,-27.03147639503962,-23.636545372009277,0.018422428518533707,1.2728228569030762,31.737531661987305,61.89116470723213,3.0517578125e-08,,
325,-27.0306683069543,-23.63644485473633,0.01853514090180397,1.2728382349014282,31.73763656616211,62.409321941906896,3.0517578125e-08,,
326,-27.039625578288792,-23.63622989654541,0.018722744658589363,1.2728493213653564,31.737611770629883,62.3446901055831,3.0517578125e-08,,
327,-27.040377121937425,-23.636428451538087,0.018898287788033485,1.2728288173675537,31.737581253051758,63.58381102356729,3.0517578125e-08,,
328,-27.03714667694478,-23.63636474609375,0.018738502636551857,1.2728420495986938,31.73766326904297,66.77523460871056,3.0517578125e-08,,
329,-27.037112272238428,-23.63637294769287,0.01857217215001583,1.272843837738037,31.73766326904297,62.36742705333082,3.0517578125e-08,,
330,-27.034136566934706,-23.636304092407226,0.01872839406132698,1.2728569507598877,31.7377872467041,65.12197871147832,3.0517578125e-08,37.464000724855666,0.1092
331,-27.037247042112714,-23.63624382019043,0.018674781545996666,1.2728673219680786,31.737844467163086,61.39220191858992,3.0517578125e-08,,
332,-27.04076387912412,-23.63620376586914,0.01869896426796913,1.2728691101074219,31.737834930419922,61.62555525574503,3.0517578125e-08,,
333,-27.03750634495216,-23.63614673614502,0.01873064413666725,1.2728686332702637,31.73777198791504,65.24959240684026,3.0517578125e-08,,
334,-27.031963831261745,-23.63624267578125,0.0183400996029377,1.272863507270813,31.737749099731445,62.60701582703409,3.0517578125e-08,,
335,-27.04342506505266,-23.636012840270997,0.018730618059635162,1.2728818655014038,31.73781967163086,65.00044409836394,3.0517578125e-08,,
336,-27.037407983707475,-23.636048126220704,0.0188974067568779,1.272877812385559,31.73784065246582,65.09554633611366,3.0517578125e-08,,
337,-27.02679597878758,-23.636155319213866,0.01874629594385624,1.272879958152771,31.737939834594727,60.97279242020619,3.0517578125e-08,,
338,-27.031878242009803,-23.636203384399415,0.01849641650915146,1.2728803157806396,31.73796272277832,62.8419830225691,3.0517578125e-08,,
339,-27.03327908093416,-23.63621082305908,0.018455224111676216,1.2728785276412964,31.737930297851562,61.59354869021645,1.52587890625e-08,,
340,-27.029099114333526,-23.636115264892577,0.01862490549683571,1.2728869915008545,31.737974166870117,62.77661350105382,1.52587890625e-08,38.39018096490838,0.111
341,-27.033589761468427,-23.636081504821778,0.01880781166255474,1.2728872299194336,31.73796272277832,63.35235586045663,1.52587890625e-08,,
342,-27.030865053587323,-23.636005401611328,0.018645692616701126,1.272901177406311,31.738037109375,64.71882629394531,1.52587890625e-08,,
343,-27.035509495795527,-23.635871505737306,0.01872648112475872,1.2729142904281616,31.738079071044922,61.28919273086741,1.52587890625e-08,,
344,-27.02972151357916,-23.635957717895508,0.018574343994259834,1.2729071378707886,31.73805046081543,64.96172738377052,1.52587890625e-08,,
345,-27.039148644555972,-23.63603115081787,0.018594346940517426,1.272894263267517,31.73796272277832,61.596353603314746,1.52587890625e-08,,
346,-27.03140787535076,-23.636055755615235,0.018790431320667267,1.2728948593139648,31.738021850585938,64.21600462515143,1.52587890625e-08,,
347,-27.03327096866656,-23.636054611206056,0.018772970885038376,1.2728931903839111,31.738006591796875,62.087536099590835,1.52587890625e-08,,
348,-27.036133102223843,-23.63591136932373,0.018819129094481468,1.272903323173523,31.738000869750977,67.92549833466735,1.52587890625e-08,,
349,-27.028426254851908,-23.635840797424315,0.0189960990101099,1.2729105949401855,31.738052368164062,58.94171292268777,1.52587890625e-08,,
350,-27.026432930668697,-23.63576889038086,0.01887490414083004,1.272922396659851,31.73810577392578,64.07129722305491,1.52587890625e-08,38.713019730851244,0.1106
351,-27.033044380477712,-23.635953521728517,0.01901838928461075,1.2729002237319946,31.738037109375,59.97625568245031,1.52587890625e-08,,
352,-27.034825143934807,-23.635933685302735,0.01896136999130249,1.2728979587554932,31.73798370361328,61.28454193887831,1.52587890625e-08,,
353,-27.039916267877892,-23.63589401245117,0.018805792555212975,1.272904396057129,31.73800277709961,62.745930828625646,1.52587890625e-08,,
354,-27.038318778895125,-23.635928344726562,0.018713802099227905,1.2729065418243408,31.73805046081543,60.94480384150638,1.52587890625e-08,,
355,-27.03201194956333,-23.63602809906006,0.018897349014878273,1.2728991508483887,31.738075256347656,66.52852891366693,1.52587890625e-08,,
356,-27.032327410541004,-23.635926055908204,0.01889495551586151,1.272914171218872,31.738168716430664,66.66011762015427,1.52587890625e-08,,
357,-27.04270196262794,-23.635852432250978,0.019103573635220528,1.2729132175445557,31.73812484741211,66.37457970727849,1.52587890625e-08,,
358,-27.03001089941097,-23.636020469665528,0.01883997954428196,1.272897720336914,31.73805046081543,64.42354236071623,1.52587890625e-08,,
359,-27.041490192654766,-23.63593807220459,0.018878284841775894,1.2729053497314453,31.738075256347656,61.740821307218525,1.52587890625e-08,,
360,-27.03431856179539,-23.636029624938963,0.01884538121521473,1.272896647453308,31.7380428314209,61.4386566258684,1.52587890625e-08,37.83451675572131,0.1152
361,-27.03549298153648,-23.63598690032959,0.018945518881082535,1.2728993892669678,31.738056182861328,62.84011188941666,1.52587890625e-08,,
362,-27.034584890438033,-23.636036491394044,0.01891007460653782,1.2728934288024902,31.738025665283203,61.43337481534934,1.52587890625e-08,,
363,-27.035097146336035,-23.636055183410644,0.01897335611283779,1.2728947401046753,31.738065719604492,64.55959093118015,1.52587890625e-08,,
364,-27.031472797635235,-23.63597640991211,0.01900014467537403,1.2728948593139648,31.73799705505371,60.93668172329287,1.52587890625e-08,,
365,-27.039922400365903,-23.636029624938963,0.018904829397797585,1.2728934288024902,31.738018035888672,62.52868435050868,1.52587890625e-08,,
366,-27.03290374369561,-23.636181449890138,0.018712026998400688,1.2728853225708008,31.738027572631836,63.30070794986773,1.52587890625e-08,,
367,-27.02335150030595,-23.63628559112549,0.018542351201176643,1.2728790044784546,31.73801612854004,63.51666071445127,1.52587890625e-08,,
368,-27.034318054778666,-23.636304473876955,0.018572881817817688,1.272874355316162,31.73798179626465,63.828762151017976,1.52587890625e-08,,
369,-27.03961355474931,-23.636320304870605,0.01854693330824375,1.2728729248046875,31.73796844482422,61.50208683255352,1.52587890625e-08,,
370,-27.039089227024512,-23.636229705810546,0.018692096695303917,1.2728773355484009,31.737958908081055,64.59955041619796,1.52587890625e-08,38.73225967782686,0.1128
371,-27.037097061736674,-23.63625431060791,0.018629606813192368,1.2728767395019531,31.737966537475586,61.41529242600067,1.52587890625e-08,,
372,-27.033175432229346,-23.636231994628908,0.018484100699424744,1.2728824615478516,31.737991333007812,63.51042716110809,1.52587890625e-08,,
373,-27.045688170420974,-23.636167335510255,0.01852336712181568,1.2728890180587769,31.738018035888672,62.76182044306888,1.52587890625e-08,,
374,-27.03035666067389,-23.636094284057616,0.01860831119120121,1.272892713546753,31.738012313842773,63.44924883299236,1.52587890625e-08,,
375,-27.03906580768054,-23.636068725585936,0.01880635693669319,1.2728902101516724,31.737987518310547,65.56112212169019,1.52587890625e-08,,
376,-27.03242895874796,-23.636115646362306,0.018682409077882767,1.2728885412216187,31.737993240356445,64.58995939810065,1.52587890625e-08,,
377,-27.03767716130124,-23.636137771606446,0.01864919252693653,1.2728848457336426,31.737957000732422,62.8756589285935,1.52587890625e-08,,
378,-27.02741659140285,-23.636281394958495,0.018574360758066177,1.272876262664795,31.737977981567383,65.31245852120315,1.52587890625e-08,,
379,-27.03884177871897,-23.636194229125977,0.01863466203212738,1.2728822231292725,31.737977981567383,66.23293178896361,1.52587890625e-08,,
380,-27.03244663190238,-23.636332702636718,0.018418606370687485,1.2728705406188965,31.737939834594727,62.098906480813326,1.52587890625e-08,39.79023626452296,0.1142
381,-27.035632411135904,-23.63629283905029,0.018488794565200806,1.2728761434555054,31.737974166870117,63.04038195066814,1.52587890625e-08,,
382,-27.03978560242472,-23.636259651184083,0.01853800192475319,1.2728781700134277,31.737974166870117,62.83287029024921,1.52587890625e-08,,
383,-27.025758960579015,-23.636264038085937,0.018622826784849167,1.2728776931762695,31.737987518310547,64.78398393075678,1.52587890625e-08,,
384,-27.032805744605728,-23.636288833618163,0.018580954521894455,1.2728757858276367,31.737977981567383,62.76763244822055,1.52587890625e-08,,
385,-27.035476443133778,-23.636378860473634,0.01855091191828251,1.272871494293213,31.738006591796875,63.42528804344467,1.52587890625e-08,,
386,-27.0362960235982,-23.636338996887208,0.018593700602650642,1.2728739976882935,31.738012313842773,63.1720193307611,1.52587890625e-08,,
387,-27.02845493751236,-23.636334037780763,0.018730275332927704,1.272871732711792,31.73799705505371,63.89587609979171,1.52587890625e-08,,
388,-27.03456854518456,-23.636215019226075,0.018813300877809525,1.2728790044784546,31.737987518310547,63.37257119673717,1.52587890625e-08,,
389,-27.034023647066913,-23.636267471313477,0.018564706668257713,1.2728807926177979,31.738025665283203,61.61421164983435,1.52587890625e-08,,
390,-27.03704314895823,-23.63624439239502,0.018845774233341217,1.2728782892227173,31.738012313842773,62.334468600116196,1.52587890625e-08,36.19160668357458,0.125
391,-27.031935390037827,-23.636137199401855,0.018744440749287605,1.2728873491287231,31.73800277709961,62.12771490555775,1.52587890625e-08,,
392,-27.032357783257208,-23.636145782470702,0.018666937947273254,1.2728904485702515,31.738035202026367,59.503854003133654,1.52587890625e-08,,
393,-27.02907209758517,-23.635996437072755,0.01896321214735508,1.2729002237319946,31.738061904907227,63.393442298792586,1.52587890625e-08,,
394,-27.034780212595493,-23.636113357543945,0.01890525035560131,1.2728914022445679,31.738052368164062,63.97161203698267,1.52587890625e-08,,
395,-27.036702192282373,-23.63603515625,0.01906232349574566,1.2728937864303589,31.738037109375,65.9228744506836,1.52587890625e-08,,
396,-27.031829302823997,-23.63601722717285,0.01895204931497574,1.2728990316390991,31.738069534301758,63.70233192926721,1.52587890625e-08,,
397,-27.03683285773555,-23.63617076873779,0.01879848539829254,1.2728899717330933,31.738079071044922,63.77191186253029,1.52587890625e-08,,
398,-27.025757680965377,-23.63603458404541,0.018844464793801308,1.272897720336914,31.738059997558594,64.54174814344961,1.52587890625e-08,,
399,-27.038697351383256,-23.63590488433838,0.018907498568296432,1.2729116678237915,31.738113403320312,66.40038174013549,1.52587890625e-08,,
400,-27.02711559247367,-23.636115074157715,0.01882644183933735,1.2728937864303589,31.738079071044922,62.035466592523115,1.52587890625e-08,38.48102900958141,0.1172
